Name,City,State,Type
Bloomfield Police Amb Svc,Bloomfield,NJ,
514th Aeromedical Evac Squad,McGuire AFB,NJ,
59-202,Neptune,NJ,ALS
59-203,Neptune,NJ,ALS
A A Medical Transportation,Totowa,NJ,
Aaron Ambulance,Hasbrook Heights,NJ,BLS
Aberdeen Twp. First Aid Squad,Cliffwood,NJ,
Able,Somerville,NJ,
Absecon Ambulance Squad,Absecon,NJ,
Access Ambulance,Tenafly,NJ,
AccuCare Transport,Westville,NJ,
Ace Ambulance Service,East Brunswick,NJ,
Aero Ambulance Services,Hackensack,NJ,
Ahs - Morristown Memorial Hospital - Micu - Morris County,Morristown,NJ,ALS
Ahs - Mountainside Hospital - Micu - Essex County,Montclair,NJ,ALS
Ahs - Overlook Hospital - Micu - Union County,Summit,NJ,ALS
Alert,Lakewood,NJ,
Allamuchy-Green First Aid Squad,Andover,NJ,
Allendale Ambulance Corps.,Allendale,NJ,
Allendale Volunteer Ambulance,Allendale,NJ,BLS
Allenhurst FD First Aid Squad,Allenhurst,NJ,
Allenhurst First Aid Squad,Allenhurst,NJ,BLS
Allentown First Aid Squad,Allentown,NJ,
Alloway Township Ambulance Corp.,Alloway,NJ,
Alpha Care Ambulance,Paterson,NJ,
Always Caring Medical Transport,Dunellen,NJ,
Amb U Car,Jersey City,NJ,
Ambivan Medical Transportation Serv,Camden,NJ,
Ambu Trust,Nutley,NJ,BLS
Ambucar Ambulance,Jersey City,NJ,
AmCare,Jersey City,NJ,
America Emergency Squad,Mount Holly,NJ,
American Legion Ambulance Association,Woodstown,NJ,
American Legion Ambulance Association,Woodstown,NJ,BLS
American Medical Response - Egg HarborNJ,Egg Harbor Twp.,NJ,
Amstar Medical Transporation, Inc.,Bellmawr,NJ,
Amwell Valley Ambulance Corps,Ringoes,NJ,
Ancora Volunteer Ambulance Squad,Ancora,NJ,
Angels Care Medical Transportation,Haledon,NJ,BLS
Arbor Rescue Squad,PISCATAWAY,NJ,
ARC Ambulance Service,Lyndhurst,NJ,
Area Network of Shore Water Emergency Response,,NJ,Rescue
ARVI Mobile,East Brunswick,NJ,ALS
Asbury Park Fire Department,Asbury Park,NJ,
Atco Raceway Ambulance,Atco,NJ,BLS
Atlantic Air,,NJ,
Atlantic Air Medical,,NJ,
Atlantic Air One - North (Netcong Base),Morristown,NJ,Critical Care
Atlantic Air Two - South (Millville Base),Morristown,NJ,Critical Care
Atlantic ALS Unit,,NJ,
Atlantic Ambulance Corp,Florham Park,NJ,
Atlantic City International Airport Fire Dept.,Egg Harbor Twp.,NJ,
Atlantic City Medical Center MICU,Egg Harbor Township,NJ,
Atlantic Health System - MICU,,NJ,
Atlantic Health System- Morristown MICU,Morristown,NJ,
Atlantic Health System- Overlook MICU,Summit,NJ,
Atlantic Healthcare System,Livingston,NJ,
Atlantic Highlands First Aid Squad,Atlantic Highlands,NJ,
Atlantic Medic 11,Morristown,NJ,ALS
Atlantic Medic 12,,NJ,
Atlantic Medic 3,,NJ,ALS
Atlantic Medic 6,,NJ,ALS
Atlanticare BLS,EHT,NJ,BLS
Atlanticare Medic 4,Hammonton,NJ,
AtlantiCare Regional Medical Center - MICU - Atlantic County,Egg Harbor,NJ,ALS
AtlantiCare Regional Medical Center - MICU - Cape May County,Egg Harbor,NJ,ALS
Auburn Volunteer Fire Co,Auburn,NJ,
Audubon EMS,Audubon,NJ,
Audubon EMS,Audubon,NJ,
Available Care Medical Transportation,Milltown,NJ,
Avalon Rescue Squad,Avalon,NJ,
Avenel-Colonia First Aid Squad,Avenel,NJ,BLS
Avenel-Colonia First Aid Squad,Avenel,NJ,
Avon by the Sea First Aid - Safety Squad,Avon,NJ,
Bamber Lakes First Responder,Forked River,NJ,
Barnegat First Aid Squad,Barnegat,NJ,
Barnegat Light First Aid Squad,Barnegat Light,NJ,
Barrington Ambulance Assoc,Barrington,NJ,
Basking Ridge FD #1 First Aid Squad,Basking Ridge,NJ,
Bayonne Fire Department,Bayonne,NJ,
Bayville First Aid Squad,Bayville,NJ,
Beach Haven First Aid Squad,Beach Haven,NJ,
Beachwood First Aid Squad,Beachwood,NJ,
Bell Medical Transport,Maplewood,NJ,
Belleplain Emergency Corps,Belleplain,NJ,
Belleplain Emergency Corps,Woodbine,NJ,
Belleville Fire Department,,NJ,BLS
Bellmawr Ambulance,Bellmawr,NJ,BLS
Bellmawr Volunteer Ambulance,Bellmawr,NJ,
Belmar First Aid Squad,Belmar,NJ,
Belvidere Ambulance,,NJ,BLS
Belvidere Ambulance Corps,Belvidere,NJ,
Bergen County Regional EMS,Paramus,NJ,BLS
Bergenfield Volunteer Ambulance Corp.,Bergenfield,NJ,
Berkeley Heights Rescue Squad,Berkeley Heights,NJ,
Berkeley Township EMS,Bayville,NJ,BLS
Berlin EMS,Berlin,NJ,
Bernardsville FD #1 First Aid,Bernardsville,NJ,
Beverly-Edgewater Park Emergency Squad,Beverly,NJ,
Blackwood Ambulance Squad,Blackwood,NJ,
Blairstown Ambulance Corps,Blairstown,NJ,
Blairstown EMS,,NJ,
Bloomfield Volunteer Emergency Squad,Bloomfield,NJ,
Bloomsbury Rescue Squad,Bloomsbury,NJ,
Blue Ridge Rescue,,NJ,ALS
Blue Ridge Rescue Squad,Branchville,NJ,
Bogota First Aid Squad,Bogota,NJ,
Boomerang Transportation,Mountainside,NJ,
Boonton Kiwanis First Aid,Boonton,NJ,
Bordentown Township EMS,Bordentown,NJ,
Boro of Shrewsbury First Aid Squad,Shrewsbury,NJ,
Boro of Totowa First Aid Squad,Totowa,NJ,BLS
Borough of Fairview,Fairview,NJ,
Borough of Glassboro EMS,Glassboro,NJ,
Borough of Jamesburg EMS,Jamesburg,NJ,BLS
Bound Brook Rescue Squad,Bound Brook,NJ,
Bradley Beach First Aid Squad,Bradley Beach,NJ,
Bradley Gardens First Aid - Rescue,Bridgewater,NJ,
Branchburg Rescue Squad,Branchburg,NJ,
Brick First Aid Squad,Bricktown,NJ,
Brick Police Dept EMS,Brick Township,NJ,BLS
Brick Township Volunteer EMS,Bricktown,NJ,BLS
Bridgeton Emerg. Ambulance Assoc/Bridgeton City EMS,Bridgeton,NJ,
Bridgewater Rescue Squad,Bridgewater,NJ,
Brielle First Aid Squad,Brielle,NJ,
Brigantine Fire Department,Brigantine,NJ,
Bristol-Myers Squibb/ER Squibb FAS,Princeton,NJ,
Brooklawn Emergency Services,Brooklawn,NJ,
Browns Mills Emergency Squad,Browns Mills,NJ,
Brownsmills Emergency Squad,Brownsmills,NJ,BLS
Bud Lake EMS,,NJ,
Budd Lake First Aid Squad,Budd Lake,NJ,
Buena EMS,Minotola,NJ,BLS
Buena Vista EMS,East Vineland,NJ,
Califon First Aid Squad,Califon,NJ,
Cape May Beach Rescue,Cape May,NJ,BLS
Cape May Fire Department,Cape May,NJ,
Cape Regional Ambulance Service,Cape May C H,NJ,
Capital Health System EMS/BLS,Trenton,NJ,BLS
Capital Health System EMS/MICU,Trenton,NJ,ALS
Capital Health System EMS/MICU Program,TRENTON,NJ,
Cardinal EMS,,NJ,BLS
CardioReady CR Certification Corporation,Toms River,NJ,
CareOne,Morristown,NJ,
Caring Coach,Pleasantville,NJ,
Carlstadt Ambulance Corps.,Carlstadt,NJ,
Carmel Rescue,Millville,NJ,
Carneys point Fire and Rescue,Carneys Point,NJ,
Carneys Point Fire and Rescue (BLS),Carneys Point,NJ,BLS
Carteret Fire Dept EMS,Carteret,NJ,
Carteret First Aid Squad,Carteret,NJ,BLS
Cateret First Aid Squad,Carteret,NJ,
Cecil Fire and Ambulance,Williamstown,NJ,
Cedar Brook Ambulance Corps.,Cedar Brook,NJ,
Cedar Grove Rescue Squad,Cedar Grove,NJ,
Cedar Knolls First Aid Squad,Cedar Knolls,NJ,
Center City Ambulance Squad,Mantua,NJ,
Centerton Fire Co.,Pittsgrove,NJ,
Central Dispatch,,NJ,Comm Center
Central Jersey Technical SAR,Plainfield,NJ,
Central Old Bridge EMS,Old Bridge,NJ,BLS
Chatham Emergency Squad,Chatham,NJ,
Cheesequake Vol. First Aid Squad,Matawan,NJ,
CHEMOURS,Deepwater,NJ,
Cherry Hill Fire Department,Cherry Hill,NJ,
Chester First Aid Squad,Chester,NJ,
Chesterfield Emergency Squad,Crosswicks,NJ,
Chevra of Hatzolah of Middlesex County,Edison,NJ,BLS
Chilton Memorial Hospital Emergency Medical Services,Pompton Plains,NJ,BLS
Chilton Memorial Hospital Mobile ICU,Pompton Plains,NJ,ALS
Cinnaminson Fire Company #1,Cinnaminson,NJ,
Cinnaminson Fire District # 1,Cinnaminson,NJ,First Responder
Cinnaminson Fire District # 1,Cinnaminson,NJ,First Responder
City Wide EMS,Patterson,NJ,
Clara Barton First Aid Squad,Edison,NJ,
Clark Emergency Squad,Clark,NJ,BLS
Clark Volunteer Emergency Squad,Clark,NJ,
Clayton Aambulance,Clayton,NJ,BLS
Clayton Ambulance,Clayton,NJ,
Cliffside Park EMS,Cliffside Park,NJ,
Cliffside Park EMS,Cliffside Park,NJ,BLS
Cliffside Park Fire Department,Cliffside Park,NJ,
Clifton Fire Department,Clifton,NJ,
Clifton Fire Department / EMS,Clifton,NJ,
Clinton First Aid & Rescue Squad,Clinton,NJ,
Clinton First Aid and Rescue 2751,Clinton,NJ,BLS
Closter Ambulance Corps.,Closter,NJ,
Collings Lakes Fire Company,Collings Lakes,NJ,
Collingswood Fire Department,Collingswood,NJ,
Colonia First Aid Squad,Colonia,NJ,BLS
Colts Neck First Aid Squad,Colts Neck,NJ,
Community First Aid Rescue Squad,Brick,NJ,
Cooper Air Med 1,Camden,NJ,Critical Care
Cooper Air Two,,NJ,Critical Care
Cooper University Ground,,NJ,ALS
Corbert Medical Transportation,North Plainfield,NJ,
Country Lakes Emergency Squad,Browns Mills,NJ,
County Ambulance Service,Hackensack,NJ,
County of Morris Office of Emergency Management,Morristown,NJ,BLS
Courtesy Medical Transportation,Howell,NJ,
Cranbury First Aid Squad,Cranbury,NJ,
Cranford Emergency Medical Service,Cranford,NJ,
Cranford First Aid Squad,Cranford,NJ,
Cresskill Volunteer First Aid,Cresskill,NJ,
Daisy Medical Transport,Passaic,NJ,
Daretown Fire Co.,Elmer,NJ,
Deal First Aid Squad,Deal,NJ,
Deepwater Fire Co.,Deepwater,NJ,
Delanco Emergency Squad,Delanco,NJ,BLS
Delran Emergency Squad,Delran,NJ,BLS
Demarest Ambulance Squad,Demarest,NJ,
Demarest Volunteer Ambulance Corps,Demarest,NJ,BLS
Dennis Twp Ambulance,Cape May Court House,NJ,
Denville Fire and Rescue,Denville,NJ,
Department of Corrections,,NJ,Police
Deptford Twp EMS,Deptford,NJ,
Direct Emergency Medical Services,Elmwood Park,NJ,
Dorothy Fire Rescue Squad,Dorothy,NJ,
Dover Brick First Aid Squad,Normandy Beach,NJ,BLS
Dover Fire and Rescue,Dover,NJ,
Dover Twp Police,Toms River,NJ,
Dover-Brick Beach First Aid Squad,Normandy Beach,NJ,
Downe Township Ambulance,Newport,NJ,
DSM Emergency Medical Services,Belvidere,NJ,
Dumont Volunteer Ambulance Service,Dumont,NJ,
Dunellen Rescue Squad,DUNELLEN,NJ,
Dupont Chambers Works EMS,Deepwater,NJ,
Eagle Ambulance,Livingston,NJ,BLS
"Eagle Medical Sevices, Inc.",Wayne,NJ,BLS
Eagle Medical Transport,Pittstown,NJ,
Eagle Rescue Squad,Little Falls,NJ,
East Brunswick Rescue Squad,East Brunswick,NJ,
East Dover First Aid Squad,Toms River,NJ,
East Greenwich Ambulance,Clarksboro,NJ,
East Hanover First Aid,East Hanover,NJ,
East Millstone First Aid Squad,East Millstone,NJ,
East Rutherford Emergency Squad,East Rutherford,NJ,
East Windsor Twp. District 1 Rescue Squad,East Windsor,NJ,
East Windsor Twp. District 2 Rescue Squad,East Windsor,NJ,
Eastampton Emergency Squad,Eastampton,NJ,
Easy Carry,Leonia,NJ,BLS
Eatontown First Aid Squad,Eatontown,NJ,
Edgewater Borough EMS,Edgewater,NJ,
Edgewater Police,Edgewater,NJ,Police
Edison EMS,Edison,NJ,
Edison Fire Department,Edison,NJ,
Edison First Aid Squad #1,Edison,NJ,
Edison First Aid Squad #2,Edison,NJ,
Edison Township EMS,Edison,NJ,BLS
Egg Harbor City Ambulance Service,Egg Harbor City,NJ,
Egg Harbor Twp. Ambulance Squad,Egg Harbor Twp.,NJ,
Elberon First Aid-Emergency Squad,Elberon,NJ,
Elizabeth Fire EMS,Elizabeth,NJ,BLS
Elmer Ambulance Corp. Inc.,Elmer,NJ,
Elmer Fire Department.,Elmer,NJ,
Elmwood Park Ambulance Corps,Elmwood Park,NJ,
Elsinboro Fire Co. Squad,Salem,NJ,
Emerson Ambulance Corps,Emerson,NJ,
Empire Ambulance,Lincoln Park,NJ,BLS
EMS 1 - HMC MICU,Flemington,NJ,ALS
EMS 2 - HMC MICU,Greenwich,NJ,ALS
EMS 3 - HMC MICU,Lambertville,NJ,ALS
EMS 4 - HMC MICU,Glen Gardner,NJ,ALS
EMS 4 - HMC MICU,Greenwich,NJ,ALS
EMS 5- HMC MICU,,NJ,ALS
EMS Alliance of Camden Co,Lindenwold,NJ,
EMStar Ambulance-NJ,Pennsauken,NJ,
Endeavor Emergency Squad,Burlington,NJ,
Engine 20 (EMS Engine 20),Lawrence,NJ,First Responder
Englewood Cliffs Ambulance Corp.,Englewood Cliffs,NJ,BLS
Englewood Hospital & Medical Center - Micu - Bergen County,Englewood,NJ,ALS
Englewood Hospital EMS,Englewood,NJ,BLS
Englewood Hospital EMS,Englewood,NJ,ALS
Englewood Volunteer Ambulance Corps Inc.,Englewood,NJ,
Englishtown Manalapan First Aid Squad,Manalapan,NJ,
Erial Ambulance,Mt Laurel,NJ,
Essex Valley Medical Trans. Serv.,East Orange,NJ,
Ethicon Independent First Aid Squad,Somerville,NJ,
Evesham Fire Rescue,Marlton,NJ,
Ewing Township EMS,Ewing,NJ,
Ewing Township EMS,Ewing,NJ,BLS
Excel Medical Transportation Services,Cedar Brook,NJ,
Exceptional Medical Transportation,West Berlin,NJ,
Exceptional Medical Transportation,Atlantic City,NJ,
Fair Haven First Aid Squad,Fair Haven,NJ,
Fair Lawn Ambulance,Fair Lawn,NJ,
Fairton Fire Co. #1 Fire and Rescue,Fairton,NJ,
Fairview Emergency Response Unit,Fairview,NJ,BLS
Fairview Emergency Response Unit,Fairview,NJ,
Fairview First Aid Squad,Middletown,NJ,
Fanwood Rescue Squad,Fanwood,NJ,
Far Hills-Bedminster First Aid Squad,Far Hills,NJ,
Farmingdale-Howell First Aid Squad,Farmingdale,NJ,
Fenwick Community Ambulance,Salem,NJ,
Ferrel Ambulance,Monroeville,NJ,
Finderne First Aid Rescue Squad,Bridgewater,NJ,
Fire Department City of Bayonne,Bayonne,NJ,
First Call,Bridgewater,NJ,
First Response,Somerville,NJ,
Flanders Fire and Rescue Squad,Flanders,NJ,
Flemington-Raritan First Aid & Rescue Squad,Flemington,NJ,
Florence Emergency Squad,Florence,NJ,BLS
Florence Township Fire District #1 EMS,Florence,NJ,BLS
Florham Park Memorial First Aid,Florham Park,NJ,
Fort Dix Range Ambulance,Fort Dix,NJ,BLS
Fort Lee Volunteer Amb Corps,Fort Lee,NJ,
Fort Monmouth FD EMS,Fort Monmouth,NJ,
Fortescue Fire/Rescue,Fortescue,NJ,
Frankford Twp First Responder,Frankford Twp,NJ,First Responder
Franklin - Somerset First Aid Squad,Somerset,NJ,
Franklin Lakes Volunteer Ambulance,Franklin Lakes,NJ,
Franklin Township EMS,Franklinville,NJ,BLS
Franklin Twp. Rescue Squad,Broadway,NJ,
Franklin Twp. Volunteer Ambulance Corp.,Franklinville,NJ,
Fredon Township EMS,Fredon,NJ,
Freehold First Aid-Emergency Squad,Freehold,NJ,
Frenchtown EMS,Frenchtown,NJ,
Friendly Care Medical Trans.,Highland Pk,NJ,
Fuchs E.M.S and Medical Transport Service,Fair Lawn,NJ,
Fuchs EMS,Fairlawn,NJ,BLS
Gallant,Port Reading,NJ,
Galloway Twp. Ambulance Squad,Pomona,NJ,
Garden State Underwater Recovery Unit,Milford,NJ,
Garfield EMS/Police Department,Garfield,NJ,
Garfield Volunteer Ambulance Corps.,Garfield,NJ,
Garwood First Aid Squad,Garwood,NJ,
GEM Ambulance,Lakewood,NJ,BLS
Gibbsboro 1st responder Engine,Gibbsboro,NJ,First Responder
Gibbstown Ambulance Corp.,Gibbstown,NJ,
Glassboro EMS,Glassboro,NJ,BLS
Glen Gardner FAS,,NJ,BLS
Glen Ridge Ambulance Squad,Glen Ridge,NJ,
Glen Rock Ambulance Corps.,Glen Rock,NJ,
Glendora Rescue,Glendora,NJ,
Glenwood-Pochuck Ambulance Corp,Glenwood,NJ,
Gloucester City Fire Department,Gloucester City,NJ,
Gloucester County 911 Dispatch,Clayton,NJ,
Gloucester County EMS,Clayton,NJ,BLS
Gloucester County EMS (GCEMS),Clayton,NJ,BLS
Gloucester Township EMS Alliance,Blackwood,NJ,
Great Bay Regional Volunteer EMS,Little Egg Harbor,NJ,
Green Bank Volunteer Ambulance Co.,Egg Harbor,NJ,
GREEN BROOK RESCUE SQ.,Green Brook,NJ,
Green Knoll Rescue Squad,Bridgewater,NJ,
Green Pond First Aid Squad,Green Pond,NJ,
Greenwich Rescue,Greenwich,NJ,
Greenwich Twp. Emergency Services,Stewartsville,NJ,
Groveville Fire Co.,Hamilton,NJ,
Guardian EMS,Paterson,NJ,BLS
Hackensack Fire Department/EMS,Hackensack,NJ,
Hackensack University MC ETRT,Hackensack,NJ,ALS
Hackensack University Medical Center - Micu - Bergen County,Hackensack,NJ,ALS
Hackensack University Medical Center BLS,Hackensack,NJ,BLS
"Hackensack Volunteer Ambulance Corps, Inc.",Hackensack,NJ,
HackensackUMC AirMed One,Hackensack,NJ,Critical Care
Hackettstown Emergency Squad,Hackettstown,NJ,BLS
Hackettstown First Aid,Hackettstown,NJ,
Hackettstown Regional Medical Center EMS,Hackettstown,NJ,
Haddon Heights Volunteer Ambulance,Haddon Heights,NJ,
Haddonfield Ambulance,Haddonfield,NJ,
Hainesport Emergency Squad,Hainesport,NJ,
Haledon Emergency Ambulance.,North Haledon,NJ,
Hamburg Fire and EMS,Hamburg,NJ,
Hamburg Fire Dept EMS,Hamburg,NJ,BLS
Hamilton First Aid Squad,Neptune,NJ,
Hamilton Township EMS,Mays Landing,NJ,BLS
Hammonton Rescue Squad,Hammonton,NJ,BLS
Hampton Emergency Squad,Hampton,NJ,
Hampton First Aid Squad,Newton,NJ,
Hampton Lakes Emergency Squad,Vincentown,NJ,
Hampton Lakes Volunteer EMS,Hampton Lakes,NJ,BLS
Hampton Township Fire and Rescue,Newton,NJ,BLS
Hardyston First Aid Squad,Stockholm,NJ,
Harmony EMS,Mullica Hill,NJ,
Harrington Park Ambulance Corps.,Harrington Park,NJ,
Harrison Fire Department,Harrison,NJ,
Hasbrouck Heights Fire Department,Hasbrouck Heights,NJ,
Hatzolah Emergency Lifesaving Program,Lakewood,NJ,
Haworth Volunteer Ambulance Corps.,Haworth,NJ,
Hawthorne Volunteer Ambulance,Hawthorne,NJ,
Hazlet Twp. First Aid Rescue Squad,Hazlet,NJ,
HEMS Corp,Neshanic,NJ,
Herbertsville First Aid Squad,Brick,NJ,
High Bridge Emergency Squad,High Bridge,NJ,
Highland Park First Aid Squad,Highland Park,NJ,
Highlands First Aid Squad,Highlands,NJ,
Hightstown Dispatch,Hightstown,NJ,Comm Center
Hightstown First Aid Squad,Hightstown,NJ,
Hillsborough EMS,Neshanic,NJ,
Hillsdale Ambulance Service,Hillsdale,NJ,
Hillside Fire Department,Hillside,NJ,
Ho-Ho-Kus Ambulance Corps.,HoHoKus,NJ,
Hoboken Ambulance Corp.,Hoboken,NJ,
Hoboken Volunteer Ambulance Corp.,Hoboken,NJ,
Hoffman-LaRoche Emergency Squad,Nutley,NJ,
Holiday City-Berkeley First Aid Squad,Toms River,NJ,
Holiday Heights First Aid Squad,Toms River,NJ,
Holland Ambulance Service,Halland,NJ,
Holmdel First Aid Squad,Holmdel,NJ,
Holy Name Hospital - Micu - Bergen County,Teaneck,NJ,ALS
Holy Name Hospital EMS,Teaneck,NJ,BLS
Holy Name Hospital EMS,Teaneck,NJ,ALS
Hopatcong Ambulance Service,Hopatcong,NJ,
Hope Hose Humane Co. #1,Bordentown,NJ,
Hopewell FD Emergency Medical Unit,Hopewell,NJ,
Hopewell Valley Emergency Services,Titusville,NJ,
Hopewell Valley Emergency Services,Titusville,NJ,BLS
Howell First Aid-Rescue #1,Howell,NJ,
Howell Police EMS,Howell,NJ,
HUDCEN,Jersey City,NJ,Comm Center
Hunterdon Development Center,Clinton,NJ,
Hunterdon Developmental Center,Clinton,NJ,BLS
Hunterdon Medical Center - Micu- Hunterdon County,Flemington,NJ,ALS
Hunterdon Medical Center - Micu- Warren County,Flemington,NJ,ALS
Hunterdon Medical Center MICU,FLEMINGTON,NJ,
Hunterdon Micu EMS,,NJ,
Independence Emergency Squad,,NJ,BLS
Independence First Aid,Great Meadows,NJ,
Infineum USA L.P.,Linden,NJ,
Inner City Transit,Newark,NJ,
Inspira Medical Center SCTU,Woodbury,NJ,ALS
Ironbound Ambulance Squad,Newark,NJ,
Island Dragway,Great Meadows,NJ,
Island Heights First Aid Squad,Island Heights,NJ,
Jackson Twp. First Aid squad,Jackson,NJ,
Jacobstown Fire Company Ambulance,,NJ,BLS
Jacobstown Volunteer Fire Co EMS,North Hanover,NJ,
Jamesburg First Aid Squad,Jamesburg,NJ,
Jefferson Twp. Rescue Squad,Lake Hopatcong,NJ,
Jersey City Medical Center - MICU,Jersey City,NJ,
Jersey City Medical Center MICU/EMS,Jersey City,NJ,
Jersey Shore University Medical Center,Jersey City,NJ,ALS
JFK Medical Center ALS,Edison,NJ,ALS
JFK Medical Center BLS,Edison,NJ,BLS
JFK Mercy 10,Edison,NJ,ALS
JFK Mercy 10,Edison,NJ,ALS
JFK Mercy 6,Plainfield,NJ,ALS
JFK Mercy 7,Plainfield,NJ,ALS
JFK Mercy 9,Edison,NJ,ALS
John Doe,Columbia,NJ,
Kean University EMS,Union,NJ,
Keansburg First Aid Squad,Keansburg,NJ,
Kearney First Aid Squad,Kearny,NJ,
Kendall Park First Aid Rescue Squad,Kendall Park,NJ,
Kenilworth FD Rescue Squad,Kenilworth,NJ,
Kennedy Health System,Voorhees,NJ,
Keyport First Aid Squad,Keyport,NJ,
Kingston Rescue Squad,Kingston,NJ,
Kingwood Twp. First Aid and Rescue Squad,Baptistown,NJ,
Knowlton Twp. First & Rescue,Delaware,NJ,
Kowlton Twsp EMS,,NJ,
LAC EMS and Rescue Squad,Salem,NJ,
LAC Fire and Rescue,Hancocks Bridge,NJ,
Lacey Twp. EMS,Forked River,NJ,BLS
Lafayette Emergency Squad,Lafayette,NJ,
Lakehurst First Aid Squad,Lakehurst,NJ,
Lakeland Emergency Squad,Andover,NJ,BLS
Lakewood Twp Dept of EMS,Lakewood,NJ,
Lakewood Volunteer First Aid,Lakewood,NJ,BLS
Lambertville-New Hope Ambulance And Rescue,Lambertville,NJ,BLS
Lambertville-New Hope Ambulance and Rescue,Lambertville,NJ,
Landisville EMS,Landisville,NJ,BLS
Lanoka Harbor EMS,Lanoka Harbor,NJ,BLS
Lanoka Harbor EMS Inc.,Lanoka Harbor,NJ,
Laurel Lakes Rescue,Laurel Lake,NJ,
Laurel Springs FD,Laurel Springs,NJ,
Laurence Harbor First Aid Squad,Laurence Harbor,NJ,
Lavallette First Aid Squad,Lavallette,NJ,
Lawrence Township Fire Department EMS,,NJ,First Responder
Lawrence Twp. Emergency First Aid,Lawrenceville,NJ,
Lawrence Twp. EMS,Cedarville,NJ,
Lebanon Lakes Volunteer Fire and EMS,Chatsworth,NJ,BLS
Lebanon Twp. First Aid Squad,Glen Gardner,NJ,BLS
Lebanon Twp. Vol. Fire & EMS,Glen Gardner,NJ,Fire
Lenola Fire Company Emergency Unit,Moorestown,NJ,
Leonardo First Aid Squad,Leonardo,NJ,
Leonia Ambulance Corp.,Leonia,NJ,
Liberty Corner First Aid,Liberty Corner,NJ,
Liberty Hook and Ladder Co. #2,Salem,NJ,
Life Streams Medical Transportation,Paterson,NJ,
LifeCom,Trenton,NJ,
LifeStar,Totowa,NJ,
Lincoln Park First Aid Squad,Lincolon Park,NJ,
Lincroft First Aid Squad,Lincroft,NJ,
Linden Emergency Medical Services,Linden,NJ,
Linden Fire Department,Linden,NJ,
Linwood BLS,Linwood,NJ,BLS
Linwood EMS,Linwood,NJ,BLS
Little Falls Fire/EMS,Little Falls,NJ,
Little Ferry First Aid,Little Ferry,NJ,
Little Silver Emergency Medical Services,Little Silver,NJ,BLS
Livingston First Aid Squad,Livingston,NJ,
Lockheed-Martin EMS,Moorestown,NJ,
Lodi Ambulance and Rescue Squad,Lodi,NJ,
Logan Emergency Medical Services,Bridgeport,NJ,
Logan Township EMS,Bridgeport,NJ,
Logan Volunteer Fire Co.,Pedricktown,NJ,
Long Branch First Aid Squad,Long Branch,NJ,
Long Hill First Aid Squad,Gillette,NJ,
Long Valley First Aid,Long Valley,NJ,
Longport Volunteer Fire Department,Longport,NJ,
"Lopatcong Emergency Squad, Inc.",Phillipsburg,NJ,BLS
Lourdes Emergency Medical Services,Browns Mills,NJ,BLS
Lourdes EMS,Browns Mills,NJ,BLS
Lower Alloways Ambulance Squad,Hancocks Bridge,NJ,
Lower Township Rescue Squad,Villas,NJ,
Lumberton Emergency Squad,LUMBERTON,NJ,
Lyndhurst Police Emergency Squad,Lyndhurst,NJ,
Lyons VA EMS,,NJ,BLS
Madison Park Vol. First Aid Squad,Parlin,NJ,
Madison Volunteer Ambulance Corps.,Madison,NJ,
Magnolia Ambulance Corps,Magnolia,NJ,
Mahwah Ambulance Co. #1,Mahwah,NJ,
Mahwah CO #4 Ambulance Corps.,Mahwah,NJ,
Mahwah Emergency Medical Services,Mahwah,NJ,BLS
Manasquan First Aid Squad,Manasquan,NJ,
Manchester First Aid Squad,Lakehurst,NJ,
Mannington Fire Co. #1 & Rescue,Salem,NJ,
Mansfield EMS,Port Murray,NJ,
Mansfield EMS,,NJ,
Mansfield EMS,Port Murray,NJ,BLS
MANSFIELD EMS,,NJ,
Mansfield Township Ambulance Corps.,Columbus,NJ,
Mansville First Aid Rescue Squad,Manville,NJ,
Mantua Township Community Ambulance,Barnsboro,NJ,
Manville First Aid and Rescue Squad,Manville,NJ,
Maple Shade First Aid Squad,Maple Shade,NJ,
Maple Shade Rescue Service,Maple Shade,NJ,
Maplewood F D EMS,Maplewood,NJ,
Maplewood First Aid Squad,Maplewood,NJ,
Margate Fire Department,Margate City,NJ,
Marlboro First Aid & Rescue Squad,Marlboro,NJ,
Martinsville Rescue Squad,Martinsville,NJ,BLS
Matawan First Aid Rescue Squad,Matawan,NJ,
Mauricetown Rescue,Mauricetown,NJ,
Maximum Care Ambulance Service,Hazlet,NJ,
Maywood First Aid Squad,Maywood,NJ,
McCabe Ambulance,Bayonne,NJ,
McGuire AFB,McGuire AFB,NJ,BLS
Meadowlands Hospital EMS,Secaucus,NJ,
"Med Alert Ambulance, Inc.",Sparta,NJ,BLS
Med Central,New Brunswick,NJ,Comm Center
Med Rescue 4,New Brunswick,NJ,ALS
Med Rescue 6,Monroe,NJ,ALS
Medevac 4 - Atlanticare,Woodbine,NJ,ALS
Medevac 5,Hammonton,NJ,Critical Care
Medford Lakes Emergency Squad,Medford Lakes,NJ,
Medford Twp EMS,Medford,NJ,
MedHealth Ambulance,Palmyra,NJ,
Medi Transport of NJ,Hamilton,NJ,
Medic 513,,NJ,
Medic 514,,NJ,
Medic 515,,NJ,
Medic 515,,NJ,
Medic 516,,NJ,
Medic 517,,NJ,
Medic 518,,NJ,
Medic 57,,NJ,
Medic 57 - Saint Clare's Hospital MICU/EMS,Hackettstown,NJ,ALS
Medic 791 - Capitol Health,Trenton,NJ,ALS
Medic 792 - Capitol Health,Trenton,NJ,ALS
Medic 793 - Capitol Health,Trenton,NJ,ALS
Medic 794 - Capital Health,Trenton,NJ,ALS
Medic 795 - Capitol Health,Trenton,NJ,ALS
Medic 796 - Capitol Health,Trenton,NJ,ALS
Mendham Boro First Aid Rescue Squad,Mendham,NJ,
Mendham Twp. First Aid Squad,Brookside,NJ,
Merchantville EMS,Merchantville,NJ,
Merck EMS,Rahway,NJ,
Mercy First Aid Squad,Chatsworth,NJ,
MetLife Stadium Main Medical,East Rutherford,NJ,
Metuchen First Aid Squad,Metuchen,NJ,
Middle Township Ambulance Corps,Cape May Court House,NJ,
Middle Twp,Cape May,NJ,
Middlesex Boro Rescue Squad,Middlesex,NJ,
Middletown First Aid Squad,Middletown,NJ,
Midland Park Ambulance Corps.,Midland Park,NJ,
Milford-Holland Rescue Squad,Milford,NJ,
Millburn-Short Hills First Aid Suqad,Millburn,NJ,
Millstone Twp. First Aid Squad,Perrineville,NJ,
Milltown Rescue Squad,Milltown,NJ,
Millville Rescue Squad,Millville,NJ,
Millville Rescue Squad,Millville,NJ,BLS
Milton First Aid Squad,Milton,NJ,
Milton First Aid Squad,Oak Ridge,NJ,BLS
Mine Hill First Aid Squad,Mine Hill,NJ,
Minotola Rescue Squad,Minotola,NJ,
Monmouth Beach First Aid Squad,Monmouth Beach,NJ,
Monmouth County Dispatch,Freehold,NJ,
Monmouth County EMS,Freehold,NJ,
Monmouth Junction First Aid Squad,Monmouth,NJ,
Monmouth Park EMS,Oceanport,NJ,
MONOC,Neptune,NJ,BLS
MONOC Air,Hammonton,NJ,ALS
MONOC ALS,West Long Branch,NJ,ALS
MONOC BLS,Neptune,NJ,
MONOC MICU,Neptune,NJ,
Monroe Municipal Ambulance,Monroe,NJ,
Monroe Township EMS,Monore TWP,NJ,BLS
Monroe Twp EMS - Gloucester County,Williamstown,NJ,
Monroeville Volunteer Fire Co.,Monroeville,NJ,
Montague First Responders,Montague,NJ,First Responder
Montclair State University EMS,Montclair,NJ,BLS
Montclair Volunteer Ambulance Unit,Montclair,NJ,
"Montgomery Emergency Medical Services, Inc.",Belle Mead,NJ,
Montville First Aid Squad,Montville,NJ,
Moonachie First Aid and Rescue Squad,Moonachie,NJ,
Moorestown First Aid & Emergency Squad,Moorestown,NJ,
Morgan First Aid Squad,South Amboy,NJ,
Morganville First Aid & Rescue Squad,Morganville,NJ,BLS
Morganville First Aid-Rescue Squad,Morganville,NJ,
Morris County Medic 57,,NJ,
Morris Minute Men Emergency Medical Services,Morris Plains,NJ,
Morristown Emergency Medical Services,Morristown,NJ,BLS
Morristown Fire Bureau,Morristown,NJ,
Mount Arlington Rescue Squad,Mt. Arlington,NJ,
Mount Laurel EMS,Mount Laurel,NJ,BLS
Mount Laurel Township EMS,Mount Laurel,NJ,
Mountainside Rescue Squad,Moutainside,NJ,
Mt. Ephraim Police Reserves Inc.,Mt. Ephraim,NJ,
Mullica Township Rescue,Hammonton,NJ,
Murray-Troutt Post EMS,Audubon,NJ,
Mutual Aid Emergency Services,Absecon,NJ,
National Park EMS,National Park,NJ,
Nationwide Ambulance Services,Cranford,NJ,
Navy Lakehurst Fire & Emergency Services,,NJ,BLS
Navy Region Mid-Atlantic Fire and Emergency Services,Colt's Neck,NJ,BLS
Neptune City First Aid Squad,Neptune City,NJ,
Neptune First Aid Squad,Neptune,NJ,
Neptune Township EMS,Neptune,NJ,
Netcong Stanhope First Aid Squad,Stanhope,NJ,
New Egypt First Aid Emergency Squad,New Egypt,NJ,
New Jersey Department of Health and SeniorServices OEMS,Trenton,NJ,ALS
New Jersey REMCS,,NJ,Comm Center
New Jersey Search and Rescue,Ringwood,NJ,
New Lisbon Ambulance,New Lisbon,NJ,
New Milford Volunteer Ambulance Co.,New Milford,NJ,
New Providence Rescue Squad,New Providence,NJ,
New Vernon FD First Aid squad,New Vernon,NJ,
Newfield Ambulance Corps. Inc.,Newfield,NJ,
Newton First Aid Rescue Squad,Newton,NJ,
Newton Police Central Communications,Newton,NJ,Comm Center
"NJSEA Medical Department, Meadowlands Sports Complex",E Rutherford,NJ,
NJSP,West Trenton,NJ,Police
Norma Alliance Fire and Rescue,Norma,NJ,
North Arlington Emergency Squad,N Arlington,NJ,
North Bergen EMS,North Bergen,NJ,
North Bond Hose Co. #4,Salem,NJ,
North Brunswick First Aid Rescue Squad,North Brunswick,NJ,
North Haledon Ambulance,North Haledon,NJ,BLS
North Plainfield Command,North Plainfield,NJ,BLS
North Plainfield FD,N Plainfield,NJ,
"North Plainfield Rescue Squad, Inc.",N. Plainfield,NJ,
North Stelton EMS,,Nj,
North Stelton Fire Co. Rescue Unit,Piscataway,NJ,
North Wildwood FD,N Wildwood,NJ,
Northfield Rescue Squad,Northfield,NJ,
NorthSTAR,Newark,NJ,
Northstar Air Medical Program,,NJ,Critical Care
Northvale Ambulance Corps,Northvale,NJ,
Norwood Ambulance-Rescue Squad,Norwood,NJ,
Nothe Stelton EMS,,Nj,
Nottingham Ambulance Squad,Hamilton,NJ,
Nutley Emergency Rescue Squad,Nutley,NJ,BLS
Oakhurst First Aid,,NJ,BLS
Oakhurst First Aid Squad,Oakhurst,NJ,
Oakland First Aid Squad,Oakland,NJ,
Oaklyn Community Ambulance Squad,Oaklyn,NJ,
Ocean City Beach Patrol,Ocean City,NJ,First Responder
Ocean City Beach Patrol Medic,Ocean City,NJ,First Responder
Ocean City EMS,Ocean City,NJ,
Ocean Gate EMS,Ocean Gate,NJ,BLS
Ocean Gate First Aid Squad,Ocean Gate,NJ,
Ocean Grove FD First Aid Squad,Ocean Grove,NJ,
Ocean's One,Brick,NJ,
Oceanport First Aid and Rescue Squad,Oceanport,NJ,
Ogdensburg First Aid Squad,Ogdensburg,NJ,
Old Bridge First Aid & Rescue Squad,Old Bridge,NJ,
Old Bridge Raceway Park,Englishtown,NJ,
Old Bridge Twp,,NJ,
Old Bridge Twp. EMS (OBTEMS),Lawrence Harbor,NJ,BLS
Old Bridge Volunteer EMS,Old Bridge,NJ,
Old Tappan First Aid Squad,Old Tappan,NJ,
On Time Ambulance,Roselle,NJ,
Ortho First Aid Squad,Raritan,NJ,
Ortley Beach First Aid Squad,"Ortley Beach, Seaside Heights",NJ,
Outside Police Departments,,NJ,Police
Oxford Emergency Squad,Oxford,NJ,
OXY-CARE IND. SQ.,BURLINGTON,NJ,
Oyster Creek Nuclear Generating Sta. EMS,Forked River,NJ,
Pace Medical Transport,fairfield,NJ,BLS
Palisades Park Volunteer Ambulance Corp.,Palisades Park,NJ,
Palmyra Ambulance Association,Palmyra,NJ,
Palmyra/Cinnaminson/Riverton,Palmyra,NJ,
PAPD,Fort Lee,NJ,Police
Par Troy EMS,Lake Hiawatha,NJ,
Paramus Emergency Medical Services,Paramus,NJ,BLS
Paramus Rescue Squad,Paramus,NJ,
Paramus Volunteer Ambulance Corps.,Paramus,NJ,
Parsippany Rescue Recovery,Lake Hiawatha,NJ,
Parsippany Volunteer Ambulance,Parsippany,NJ,
Pascack Valley Hospital - Micu - Bergen County,Westwood,NJ,ALS
Pascack Valley Hospital MICU,Westwood,NJ,
Passaic - Clifton Micu - Passaic County,Passaic,NJ,ALS
Passaic County Sheriff's Dept.,Paterson,NJ,
Passaic Emergency Medical Services,Passaic,NJ,
Passaic-Clifton MICU,Passaic,NJ,
Paterson FD EMS,Paterson,NJ,
Pattenburg Rescue Squad,Asbury,NJ,
Paulsboro Ambulance Squad,Paulsboro,NJ,
Peapack-Gladstone First Aid Rescue,Peapack,NJ,
Pearson Education Prentice Hall Brady Books,Upper Saddle River,NJ,
Pedricktown Ambulance Squad,Pedricktown,NJ,
Pemberton First Aid/Rescue Squad,Pemberton,NJ,
Pemberton Volunteer Fire Department,Pemberton,NJ,BLS
Pennington First Aid Squad,Pennington,NJ,
Pennington Road First Aid Squad,Ewing,NJ,
Pennington Road First Aid Squad - Volunteer,Ewing,NJ,BLS
Pennington Road First Aid Unit,Ewing,NJ,
Pennington Road First Aid Unit,Ewing,NJ,BLS
Penns Grove Ambulance Squad,Penns Grove,NJ,
Penns Grove Liberty Fire Co. #1,Penns Grove,NJ,
Pennsauken EMS,Pennsauken,NJ,
Pennsville Fire and Rescue #1,Pennsville,NJ,BLS
Pennsville Fire and Rescue Co. #1,Pennsville,NJ,
Pennsville Township Ambulance Department,Pennsville,NJ,
Pequannock Twp First Aid Squad,Pompton Plains,NJ,
Personal Care,W Orange,NJ,
Perth Amboy Fire department EMS,Perth Amboy,NJ,BLS
Perth Amboy Fre Department,Perth Amboy,NJ,
Phillipsburg Ambulance,Phillisburg,NJ,
Phillipsburg Emergency Squad,Phillipsburg,NJ,
Pilot Ambulance,Pompton Plains,NJ,BLS
Pine Hill FD,Pine Hill,NJ,
Pitman Emergency Medical Services,Pitman,NJ,
Plainfield Rescue Squad,Plainfield,NJ,
Plainsboro EMS,Plainsboro,NJ,
Plainsboro Rescue Squad,Plainsboro,NJ,
Pleasant Plains First Aid Sq.,Toms River,NJ,
Pleasantville EMS,Pleasantville,NJ,
Plumsted Township EMS,Plumsted,NJ,
Point Beach First Aid Squad,Point Beach,NJ,
Point Boro First Aid Sq.,Point Pleasant,NJ,
Point Pleasant First Aid Squad,Pt. Pleasant,NJ,
Pompton Lakes First Aid Sq.,Pompton Lakes,NJ,
Port Monmouth First Aid,Port Monmouth,NJ,
Port Norris Rescue,Port Norris,NJ,
Port Reading First Aid Squad,Woodbridge,NJ,
Presidential Lakes Fire/Rescue,New Libson,NJ,
Prestige Care Medical Service,Cliffwood Beach,NJ,
Princeton First Aid & Rescue Squad,Princeton,NJ,BLS
Princeton First Aid Rescue Squad,Princeton,NJ,
Princeton First Aid Squad,Princeton,NJ,
Princeton First Aid Squad,Princeton,NJ,
Princeton Plasma Physics Lab.,Princeton,NJ,BLS
PRN Medical Transport,Hainesport,NJ,
"PSEG Nuclear, LLC",Hancocks Bridge,NJ,
Pulse Medical Transportation,West Paterson,NJ,
Quakertown Fire Company,Pittstown,NJ,BLS
Quakertown Volunteer Emergency Medical Service,Pittstown,NJ,BLS
Quakertown Volunteer EMS,Pittstown,NJ,BLS
Quality Medical Transport,,NJ,BLS
Quality Medical Transport,Bayville,NJ,
Quinton Ambulance Corps.,Quinton,NJ,
Rahway Emergency Squad,Rahway,NJ,
Rahway Hospital - Micu - Union County,Rahway,NJ,ALS
Ramapo College EMS,Mahwah,NJ,
Ramsey Ambulance Corp.,Ramsey,NJ,
Ramsey Volunteer Ambulance Corps,Ramsey,NJ,BLS
Ramtown First Aid Squad,Howell,NJ,
Ramtown-Howell Fire Co #2,Howell,NJ,First Responder
Rancocas Emergency Squad,Rancocas,NJ,
Randolph Rescue Squad,Randolph,NJ,
Rapid Medical Transportation,Stratford,NJ,
Rapid Respond Amb & Inv Coach,Newark,NJ,
Raritan Bay BLS,Perth Amboy,NJ,BLS
Raritan Bay Medical Center - MICU - Middlesex County,Perth Amboy,NJ,ALS
Raritan Bay Medical Center MICU,Perth Amboy,NJ,
Raritan Bay Medical Center Transport,Perth Amboy,NJ,BLS
Raritan First Aid Squad,Raritan,NJ,
Raritan Valley Regional EMS,Edison,NJ,BLS
Red Bank FD First Aid-Rescue Squad,Red Bank,NJ,
Reliance Fire Co.,Woodstown,NJ,
Respond Ambulance,Perth Amboy,NJ,
Ridgefield First Aid & Ambulance Corps.,Ridgefield,NJ,
Ridgefield Park Ambulance Corp.,Ridgefield Park,NJ,
Ridgefield Police EMS & First Aid Squad,Ridgefield,NJ,
Ridgewood Ambulance,Ridgewood,NJ,
Ringoes First Aid Squad,Ringoes,NJ,
Ringwood Ambulance,Ringwood,NJ,
Ringwood Ambulance Corps,Ringwood,NJ,
Rio Grande Rescue Squad,Rio Grande,NJ,
River Edge Ambulance Service,RIVER EDGE,NJ,
River Road Rescue Squad,Piscataway,NJ,
River Vale Ambulance Corps,RIVER VALE,NJ,
Riverdale First Aid Squad,Pompton Lakes,NJ,
Riverside Emergency Squad,Delran,NJ,
Robbinsville Twp. EMS,Robbinsville Twp,NJ,
Robert Wood Johnson - Hamilton EMS,New Brunswick,NJ,
Robert Wood Johnson - MICU,,NJ,
Robert Wood Johnson Health Network,New Brunswick,NJ,BLS
Robert Wood Johnson University MICU,New Brunswick,NJ,
ROCHELLE PARK AMBULANCE CORPS,ROCHELLE PARK,NJ,
Rockaway Boro Fire and Rescue Squad,Rockaway,NJ,
Rockaway Neck First Aid Squad,Lake Hiawatha,NJ,
Rockaway Neck First Aid Squad,Lake Hiawatha,NJ,BLS
Rockaway Township Fire and Rescue Squad,Rockaway,NJ,
Rocky Hill First Aid Rescue Squad,Rocky Hill,NJ,
Roebling Rescue Squad,Roebling,NJ,BLS
Roosevelt First Aid Squad,Roosevelt,NJ,
Roseland First Aid Squad,Roseland,NJ,
Roselle Ambulance Corps.,Roselle,NJ,
Roselle Fire Department,Roselle,NJ,
Roselle Park First Aid Squad,Roselle Park,NJ,
Rosenhayn Rescue,Rosenhayn,NJ,
Rowan EMS,Glassboro,NJ,
Roxbury Fire Co #3 First Aid Squad,,NJ,
Roxbury Fire Co. #1 First Aid Squad,Succasunna,NJ,
Roxbury Fire Co. #2 First Aid Squad,Landing,NJ,
Rumson EMS,Rumson,NJ,
Runnemede Emergency Medical Services,Runnemede,NJ,
Runnemede EMS,Runnemede,NJ,BLS
Rural America Emerg. Services,Washington,NJ,
Rural/Metro,Matawan,NJ,
Rutgers University EMS,Piscataway,NJ,
RUTHERFORD FIRST AID-AMBULANCE,RUTHERFORD,NJ,
RWJ 1A01,New Brunswick,NJ,ALS
RWJ 1A02,East Brunswick,NJ,ALS
RWJ 1A03,Monmouth Junction,NJ,ALS
RWJ 1A04,Monroe,NJ,ALS
RWJ 1A05,New Brunswick,NJ,ALS
RWJ 1S1,New Brunswick,NJ,Critical Care
RWJ 1S2,North Brunswick,NJ,Critical Care
RWJ Ambulance 110-1,Hamilton,NJ,BLS
RWJ Ambulance 110-2,Hamilton,NJ,BLS
RWJ Ambulance 780,New Brunswick,NJ,BLS
RWJ Ambulance 782,Somerset,NJ,BLS
RWJ Ambulance 783,Piscataway,NJ,BLS
RWJ Ambulance 801,New Brunswick,NJ,BLS
RWJ Ambulance 802,New Brunswick,NJ,BLS
RWJ Ambulance 803,New Brunswick,NJ,BLS
RWJ Ambulance 804,New Brunswick,NJ,BLS
RWJ Ambulance 805,New Brunswick,NJ,BLS
RWJ Med Rescue 10,New Brunswick,NJ,Critical Care
RWJ Med Rescue 11,New Brunswick,NJ,ALS
RWJ Med Rescue 12,New Brunswick,NJ,ALS
RWJ Med Rescue 8,New Brunswick,NJ,BLS
RWJ Med Rescue 9,New Brunswick,NJ,ALS
RWJAmbulance 782,Somerset,NJ,BLS
SADDLE BROOK AMBULANCE CORPS,SADDLE BROOK,NJ,BLS
SADDLE BROOK AMBULANCE CORPS,SADDLE BROOK,NJ,
Saddle Brook Volunteer Ambulance Corps,Saddle Brook,NJ,
Saint Clare's EMS,Dover,NJ,BLS
Saint Clare's Hospital MICU/EMS,Dover,NJ,
Sayreville Emergency Squad,Sayreville,NJ,
Sbchs - Clara Maass Medical Center - Micu - Essex County,Belleville,NJ,ALS
Sbhcs - Community Medical Center - Micu - Ocean County,Toms River,NJ,ALS
Sbhcs - St. Barnabas Medical Center - Micu - Essex County,Livingston,NJ,ALS
Sbhcs - Union Hospital - Micu - Union County,Union,NJ,ALS
Schering-Plough Emerg. Rescue Sqd.,Union,NJ,
Scotch Plains Rescue Squad,Scotch Plains,NJ,
Sea Bright First Aid Squad,Sea Bright,NJ,
Sea Isle Ambulance Corps.,Sea Isle City,NJ,
Senior Transportation,Absecon,NJ,
Sewell Fire Company,Sewell,NJ,
Shamong EMS,Shamong,NJ,
Shark River Hills First Aid Squad,Neptune,NJ,
Shiloh Rescue,Shiloh,NJ,
Shore Medical Center EMS,Somers Point,NJ,BLS
Shrewbury First Aid Squad,Shrewsbury,NJ,
Shrewsbury Hose Co. #1,Shrewsbury,NJ,
Silver Ridge Park First Aid Sq.,Toms River,NJ,
Silverton EMS,Toms River,NJ,
Six Flags Great Adventure,Jackson,NJ,
SO. HACKENSACK AMBULANCE CORPS,SO. HACKENSACK,NJ,
So. Toms River First Aid Sq.,So. Toms River,NJ,
Solaris - Jfk Medical Center - Micu Middlesex County,Edison,NJ,ALS
Solaris - Muhlenberg Regional Medical Center- Micu - Union County,Plainfield,NJ,ALS
Solaris- JFK Medical Center EMS,Edison,NJ,
Solaris- Muhlenberg Medical Center MICU,Plainfield,NJ,
Somerset Medical Center,Somerset,NJ,ALS
Somerset Medical Center Medic 684,Somerville,NJ,ALS
Somerset Medical Center Medic 8A01,Somerville,NJ,ALS
Somerset Medical Center Medic 8A02,Somerville,NJ,ALS
Somerset Medical Center Medic 8A03,,NJ,ALS
Somerset Medical Center MICU/EMS,Somerville,NJ,
Somerville First Aid & Rescue Squad,Somerville,NJ,BLS
South Aberdeen EMS,Aberdeen,NJ,
South Amboy First Aid Safety Squad,South Amboy,NJ,
South Belmar First Aid Squad,South Belmar,NJ,
South Bound Brook / Franklin Twp. Rescue Squad,Somerset,NJ,
South Bound Brook First Aid Squad,South Bound Brook,NJ,
South Brunswick EMS,Monmouth Junction,NJ,
South Orange Rescue Squad,Orange,NJ,
South Plainfield Rescue Squad,So. Plainfield,NJ,
South River EMS,South River,NJ,
South River Rescue Squad,South River,NJ,
"South Toms River Volunteer First Aid Squad, INC",South Toms River,NJ,
"South Toms River Volunteer First Aid Squad, INC.",South Toms River,NJ,BLS
Southampton,Southampton,NJ,BLS
Southern Monmouth Area Technical SAR,Barnegat,NJ,
Southstar Virtua Health,Mount Laurel,NJ,Critical Care
Sparta Ambulance,Sparta,NJ,BLS
Sparta Ambulance Service,Sparta,NJ,
Spotswood EMS,Spotswood,NJ,BLS
Spotswood First Aid Squad,Spotswood,NJ,
Spotswood First Aid Squad,Spotswood,NJ,BLS
Spring Lake First Aid-Emergency Squad,Spring Lake,NJ,
Springfield First Aid Squad,Springfield,NJ,
Springfield Twp. EMS,Jobstown,NJ,
St Clair,,NJ,
St Claire Als,,NJ,ALS
St. Clair,,NJ,
St. Clare's Hospita./Dover - Micu - Sussex County,Dover,NJ,ALS
St. Clare's Hospital,Lafayette,NJ,
St. Clare's Hospital ALS 505 - Dover,Dover,NJ,ALS
St. Clare's Hospital ALS 506 - Dover,Dover,NJ,ALS
St. Clare's Hospital ALS 516 - Dover - Morris County,Dover,NJ,ALS
St. Clare's Hospital ALS 517 - Warren County,Hackettstown,NJ,ALS
St. Francis Medical Center EMS,Trenton,NJ,
St. John's First Aid Squad,Fords,NJ,
St. Joseph's Healthcare System MICU,Paterson,NJ,
St. Joseph's Hospital & Medical Center - Micu - Passaic County,Paterson,NJ,ALS
St. Joseph's Hospital and Medical Center,Paterson,NJ,BLS
St. Joseph's Hospital and Medical Center- BLS,Paterson,NJ,BLS
St. Jospeh's Wayne Hospital - Micu - Passaic County,Wayne,NJ,ALS
St. Luke's Emergency & Transport Services,,NJ,BLS
Stafford EMS Squad 38,Manahawkin,NJ,BLS
Stafford Township First Aid Squad.,Manahawkin,NJ,
Stanhope-Netcong American Legion Ambulance,Stanhope,NJ,
Stat Medical Transport,Voorhees,NJ,
Still Water EMS,,NJ,
Stillwater Emergency Rescue Squad,Stillwater,NJ,
Stillwater EMS,,NJ,
Stockton Fire Co. and First Aid Squad,Stockton,NJ,
Stockton Fire Company EMS,Stockton,NJ,BLS
Stockton Fire Company First Aid Squad,Stockton,NJ,BLS
Stone Harbor Fire Rescue,Stone Harbor,NJ,
Stone Harbor Rescue Squad,Stone Harbor,NJ,
Stratford Ambulance,Stratford,NJ,
Strathmere Fire Department,Strathmere,NJ,First Responder
Summit First Aid Squad,Summit,NJ,
Sunny Transportation Service,Woodbridge,NJ,
Surf City Vol. Fire Co #1 & EMS,Surf City,NJ,
Sussex FD First Aid Squad,Sussex,NJ,
Tabernacle Rescue Squad,Tabernacle,NJ,
TEANECK AMBULANCE CORPS,TEANECK,NJ,
Teaneck Volunteer Ambulance Corps,Teaneck,NJ,BLS
Tenafly EMS,Tenafly,NJ,BLS
Tenafly Volunteer Ambulance,Tenafly,NJ,
Tender Loving Care,Little Silver,NJ,
Tewksbury First Aid Rescue Squad,Oldwick,NJ,
The College of New Jersey EMS,Ewing,NJ,BLS
"TInton Falls EMS North, Inc.",Tinton Falls,NJ,BLS
Tinton Falls First Aid Squad North,Tinton Falls,NJ,
Tinton Falls First Aid Squad South,Tinton Falls,NJ,
Toms River Emergency Medical Services,Toms River,NJ,
Toms River First Aid Squad,Toms River,NJ,
Toms River Police EMS,Toms River,NJ,BLS
Totowa First Aid Squad,Totowa,NJ,
Town of Belleville,Belleville,NJ,
Township of Franklin Ambulance Corps,Franklinville,NJ,
Township of Hamilton Rescue,Mays Landing,NJ,
Township of Little Falls,Little Falls,NJ,
Township of Middletown EMS Department,Leonardo,NJ,
Township of Ocean Police Department,Oakhurst,NJ,Police
TransMed Ambulance Transport,East Brunswick,NJ,
TransMobility Care,Ocean,NJ,
Trenton Emerg. Medical Services,Trenton,NJ,
Trenton Fire Department,Trenton,NJ,
Tri-Boro Ambulance Corps.,Park Ridge,NJ,
Tri-Boro First Aid Squad,Butler,NJ,
Tri-Boro First Aid Squad,Seaside Park,NJ,
Tricare Medical Transport,Pleasantville,NJ,BLS
Trinitas Hospital BLS,Elizabeth,NJ,BLS
Trinitas Hospital MICU,Elizabeth,NJ,ALS
TRPD EMS,,NJ,
Tuckerton First Aid Squad,Tuckerton,NJ,
"Twin ""W"" First Aid Squad",Princeton Jct.,NJ,
Twp of Union Fire Dept EMS,Union,NJ,
Twp. Of Washington Volunteer Ambulance,Washington,NJ,
UMDNJ UH-EMS,Newark,NJ,BLS
Underwood Memorial Hospital MICU,Woodbury,NJ,
Underwood-Memorial Hospital - Micu - Cumberland County,Woodbury,NJ,ALS
Underwood-Memorial Hospital - Micu - Gloucester County,Woodbury,NJ,ALS
Underwood-Memorial Hospital - Micu - Salem County,Woodbury,NJ,ALS
Union Beach First Aid Squad,Union Beach,NJ,
Union City EMS,Union City,NJ,
Union County EMS,East Westfield,NJ,BLS
Union County EMS Mutual Aid,,NJ,
Union Emergency Medical Unit,Union,NJ,
Union Fire Co. #1,Salem,NJ,
Union Fire Co. Rescue Squad,Titusville,NJ,
Union Fire Department,Union,NJ,BLS
United II Care Medical Transport.,Bloomfield,NJ,
Unity Service Ambulance,Harrisonville,NJ,
University Hospital EMS - Camden,Camden,NJ,
University Hospital EMS - Micu - Essex County,Newark,NJ,ALS
University Hospital MICU/EMS - Newark,Newark,NJ,
Upper Deerfield EMS,Seabrook,NJ,
Upper Greenwood Lake Ambulance,Hewitt,NJ,
Upper Saddle River Volunteer Ambulance,Upper Saddle River,NJ,
Upper Twp. Rescue Squad,Woodbine,NJ,
US Coast Guard,,NJ,BLS
Valero Refining Co. New Jersey,Paulsboro,NJ,
Valley Hospital - Micu - Bergen County,Ridgewood,NJ,ALS
Valley Hospital BLS,Ridgewood,NJ,BLS
Vanguard Healthcare,Elizabeth,NJ,BLS
Ventnor City Fire Department,Ventnor City,NJ,
Vernon EMS,,NJ,
Vernon Twp. Ambulance Squad,Vernon,NJ,
Verona Rescue Squad,Verona,NJ,
Verona Rescue Squad,Verona,NJ,BLS
Victory Garden First Aid Squad,Victory Garden,NJ,
Vincentown Emergency Squad,Vincentown,NJ,
Vineland Developmental Center,Vineland,NJ,
Vineland Emergency Medical Services,Vineland,NJ,
Vineland EMS,Vineland,NJ,BLS
Virgo Medical Services,West Caldwell,NJ,
Virtua ALS,,nj,ALS
Virtua Health Emergency Services - Burlington County,Mt. Laurel,NJ,ALS
Virtua Health Emergency Services - Camden County,Mt. Laurel,NJ,ALS
Virtua Health MICU,Mount Laurel,NJ,ALS
Vital Mobile Care,Metuchen,NJ,
Voorhees Fire District,Voorhees,NJ,
Waldwick Ambulance Corps,Waldwick,NJ,
Wall Community First Aid Squad,Wall,NJ,BLS
Wall Community First Aid Squad,Allenwood,NJ,
Wall Township Emergency Medical Svc,Wall,NJ,
Wall Township First Aid Rescue Squad,Wall,NJ,
Wall Township Police,Wall,NJ,Police
Wallington Emergency Squad,Wallington,NJ,
Wallkill Valley First Aid Squad,Franklin,NJ,
Wanamassa First Aid Squad,Wanamassa,NJ,
Wanamassa First Aid Squad,Ocean,NJ,BLS
Wanaque First Aid Squad,Wanaque,NJ,
Wantage First Aid Squad,Wantage,NJ,
Waretown First Aid Sq.,Waretown,NJ,
Warren Township Rescue,,NJ,BLS
Warren Twp Rescue Sq.,Warren,NJ,
Washington Emergency Squad,Washington,NJ,
Washington Fire Co. #1,Salem,NJ,
Washington Township Fire Department,Robbinsville,NJ,
Washington Township Volunteer Ambulance Corps,Washington Township,NJ,BLS
Washington Twp,Washington Twp,NJ,
Washington Twp Ambulance,Washington,NJ,
Washington Twp VAC (NJ),Washington,NJ,
Washington Twp. Ambulance and Rescue Association,Turnersville,NJ,BLS
Washington Twp. Volunteer Ambulance Corp.,Washington,NJ,
Watchung Rescue Sq.,Watchung,NJ,
Waterford Township EMS,Atco,NJ,
Waterford Twp Fire Department,Waterford,NJ,
Wayne Twp First Aid Squad,Wayne,NJ,
WCCC,Franklin Township,NJ,
Weehawken Volunteer First Aid Squad,Weehawken,NJ,
Wenonah Fire Company,Wenonah,NJ,
West Collingswood Heights Fire Co. #1,W. Collingswood,NJ,
West Deptford EMS,Thorofare,NJ,
West Essex First Aid Squad,W. Caldwell,NJ,
West Long Branch First Aid Squad,West Long Branch,NJ,
West Milford Twp First Aid Squad,West Milford,NJ,
West New York Emergency Medical Service,West New York,NJ,BLS
West New York EMS Office Administration 1,West New York,NJ,
West New York Volunteer Ambulance Corp.,West New York,NJ,
West Orange FD,West Orange,NJ,
West Orange Fire Department,West Orange,NJ,BLS
West Orange First Aid Squad,West Orange,NJ,
West Paterson First Aid Squad,West Paterson,NJ,
West Windsor Twp Emergency Services,Princeton Jct,NJ,
West Windsor Twp Fire & Emergency Services,Princeton Jct,NJ,BLS
Westampton Twp. Emergency Services,Westampton,NJ,
Western Monmouth EMS,Manalapan,NJ,ALS
Westfield Rescue Squad,Westfield,NJ,
Westmont Fire Company No. 1,Haddon Twp.,NJ,
Westville Fire Department,Westville,NJ,
Westwood Ambulance Corps,Westwood,NJ,
Wharton First Aid Squad,Wharton,NJ,
Whitehouse Rescue Squad,Whitehouse Station,NJ,
Whiting First Aid Sq.,Whiting,NJ,
Wildwood Crest Borough EMS,Wildwood Crest,NJ,
Wildwood Fire Department,Wildwood,NJ,
Willingboro Emergency Squad,Willingboro,NJ,
Willingboro Police Department,Willingboro,NJ,Police
Willow Grove Volunteer Fire Co.,Pittsgrove,NJ,
Winfield First Aid Squad,Winfield,NJ,
Winslow Emer. Med. Svcs. Foundation,Cedar Brook,NJ,
Winslow Police Department,,NJ,Police
Winslow Twp Fire Department,CedarBrook,NJ,Fire
Winslow Volunteer Fire Deparmtent,,NJ,
Woodbine Developmental Center,Woodbine,NJ,
Woodbridge Township Ambulance and Rescue Squad,Woodbridge,NJ,
Woodbury Heights Fire Department,Woodbury Heights,NJ,
Woodbury TLC Transport Services,Woodbury,NJ,
Woodcliff Lake Volunteer Fire Department,Woodcliff Lake,NJ,
Woodland Twp Volunteer Fire and EMS,Chatsworth,NJ,BLS
Woodlynne Fire/EMS,Woodlynne,NJ,
Woodridge Emergency Squad,WoodRidge,NJ,
Woodstown Ambulance (Amer. Legion),Woodstown,NJ,
Woolwich Ambulance Squad,Swedesboro,NJ,
Wrightstown First Aid Squad,Wrightstown,NJ,
WYCKOFF AMBULANCE CORPS,WYCKOFF,NJ,
Yassien Mobility Assistance & Ambulance,East Orange,NJ,
